ID Pelanggan;Pelayanan;Harga;Skor
78;86.0;27315.0;90.0
86;84.0;29811.0;90.0
74;66.0;26142.0;86.00000000000001
36;64.0;29803.0;84.0
41;68.0;32311.0;83.37800000000001
